,group_age,"('amount_usd', 'charity')","('amount_usd', 'culture')","('amount_usd', 'education')","('amount_usd', 'flat fee')","('amount_usd', 'food')","('amount_usd', 'fun')","('amount_usd', 'health')","('amount_usd', 'house')","('amount_usd', 'other')","('amount_usd', 'shopping')","('amount_usd', 'sports')","('amount_usd', 'supermarket')","('amount_usd', 'tech')","('amount_usd', 'transportation')","('amount_usd', 'travel')"
0,1.00000000000001,2.441841551764437,34.708261275999334,4.077225987381385,338.80778452909595,246.43612759990575,129.4200350549193,30.852294928721953,30.960731479317662,87.03111240944105,168.724423930826,9.98766534236954,249.25680766534194,8.211507361532883,70.70558775414834,202.41443327880623
1,4.000000000000036,2.562406716417912,28.021902985074597,4.178171641791229,380.3876492537315,283.6116417910448,65.58173507462699,45.04070895522387,53.749421641791095,124.40490671641824,206.24589552238805,8.23820895522387,307.9544776119403,14.168750000000028,53.21686567164217,276.6148507462687
2,4.884981308350689e-14,2.097264339152099,34.351927680798276,29.022436408979146,369.173067331671,264.42090523690734,128.72416957605992,30.279518703242143,33.84182294264347,78.79301496259338,193.2091995012469,12.551438902743108,255.29666832917687,7.4000673316705035,108.46351122194496,209.6803491271845
3,3.000000000000041,2.6033302063789945,35.980947467166956,7.045853658536629,366.08998123827394,296.7590619136961,81.27825515947401,39.15564727954972,57.86278611632275,91.88082551594754,209.21776735459667,14.132363977485934,312.34543151969984,11.49078799249532,69.25974671669807,322.6904033771103
4,2.000000000000038,2.0064176904176976,38.03921375921375,15.023857493857541,326.3645700245703,230.7305601965595,88.81262407862293,33.86366584766589,38.07024570024574,95.92803931203935,189.792329238329,17.052643734643624,282.09335626535636,10.668555282555285,57.20852088452058,249.32955282555264
5,1.2628865979381443,15.921443298969038,266.36953608247416,133.3052061855668,2512.0851546391746,2582.8956185567004,1700.6675257731965,370.1475773195874,586.8504639175261,844.7854639175258,1815.3799484536084,94.05809278350505,2479.5290721649485,112.92407216494858,1056.3948969072164,2979.480721649485
